<application>
  <component name="OSFileAssociationPreferences">
    <option name="fileTypeNames">
      <list>
        <option value="Darcs File" />
        <option value="Bazaar File" />
        <option value="CloudFoundry File" />
        <option value="Chef File" />
        <option value="Cvs File" />
        <option value="DeployHQ File" />
        <option value="Docker File" />
        <option value="ElasticBeanstalk File" />
        <option value="Eleventy File" />
        <option value="ESLint File" />
        <option value="Floobits File" />
        <option value="Google Cloud File" />
        <option value="GitIgnore file" />
        <option value="Kubernetes Helm File" />
        <option value="HgIgnore file" />
        <option value="Ignore File" />
        <option value="IgnoreLang file" />
        <option value="Jetpack File" />
        <option value="JSHint File" />
        <option value="Monotone File" />
        <option value="Nodemon File" />
        <option value="Npm File" />
        <option value="NuxtJS File" />
        <option value="Perforce File" />
        <option value="Prettier File" />
        <option value="StyleLint File" />
        <option value="Stylint File" />
        <option value="Swagger Codegen File" />
        <option value="Team Foundation File" />
        <option value="Vercel File" />
        <option value="Yarn File" />
        <option value="Adobe Photoshop" />
        <option value="Android 9-Patch" />
        <option value="AAR" />
        <option value="AAB" />
        <option value="APK" />
        <option value="DEX" />
        <option value="AIDL" />
        <option value="AndroidProfilerCpuCapture" />
        <option value="AndroidProfilerMemoryAllocation" />
        <option value="HeapProfd" />
        <option value="AndroidProfilerMemoryCapture" />
        <option value="Android RenderScript" />
        <option value="SQLite" />
        <option value="AndroidDataBinding" />
        <option value="AspectJ" />
        <option value="Assembly file" />
        <option value="C#" />
        <option value="ObjectiveC" />
        <option value="ObjectiveC-x-c" />
        <option value="ObjectiveC-x-c++" />
        <option value="ObjectiveC-x-cc" />
        <option value="ObjectiveC-x-cp" />
        <option value="ObjectiveC-x-cu" />
        <option value="ObjectiveC-x-cuh" />
        <option value="ObjectiveC-x-cxx" />
        <option value="ObjectiveC-x-h" />
        <option value="ObjectiveC-x-h++" />
        <option value="ObjectiveC-x-hh" />
        <option value="ObjectiveC-x-hp" />
        <option value="ObjectiveC-x-hpp" />
        <option value="ObjectiveC-x-hxx" />
        <option value="ObjectiveC-x-i" />
        <option value="ObjectiveC-x-icc" />
        <option value="ObjectiveC-x-ii" />
        <option value="ObjectiveC-x-inl" />
        <option value="ObjectiveC-x-ino" />
        <option value="ObjectiveC-x-ipp" />
        <option value="ObjectiveC-x-m" />
        <option value="ObjectiveC-x-mm" />
        <option value="ObjectiveC-x-pch" />
        <option value="ObjectiveC-x-tcc" />
        <option value="ObjectiveC-x-tpp" />
        <option value="HMap" />
        <option value="CMakeLists.txt" />
        <option value="CSS" />
        <option value="ModuleMap" />
        <option value="Dart" />
        <option value="Kotlin/Native Def" />
        <option value="Doxygen file" />
        <option value="Erlang" />
        <option value="Font" />
        <option value="Groovy" />
        <option value="HTML" />
        <option value="Haskell" />
        <option value="IDEA_MODULE" />
        <option value="IDEA_PROJECT" />
        <option value="IDEA_WORKSPACE" />
        <option value="IDL" />
        <option value="gdsl" />
        <option value="JQL" />
        <option value="JSON" />
        <option value="JSON-lines" />
        <option value="JSON5" />
        <option value="JSP" />
        <option value="JSHELL" />
        <option value="JAVA" />
        <option value="CLASS" />
        <option value="JavaFX" />
        <option value="JavaScript" />
        <option value="KNM" />
        <option value="Kotlin" />
        <option value="KJSM" />
        <option value="kotlin_builtins" />
        <option value="kotlin_module" />
        <option value="Layout Inspector" />
        <option value="Logcat Filter File" />
        <option value="Manifest" />
        <option value="Markdown" />
        <option value="NatVis" />
        <option value="PATCH" />
        <option value="PerfettoCapture" />
        <option value="Perl" />
        <option value="Properties" />
        <option value="protobuf" />
        <option value="prototext" />
        <option value="RNG Compact" />
        <option value="RegExp" />
        <option value="SQL" />
        <option value="SVG" />
        <option value="Shell Script" />
        <option value="Shrinker Config File" />
        <option value="Smali" />
        <option value="Dictionary" />
        <option value="TOML" />
        <option value="TensorFlow Lite Model" />
        <option value="PLAIN_TEXT" />
        <option value="XHTML" />
        <option value="XML" />
        <option value="XML-x-ant" />
        <option value="XML-x-fxml" />
        <option value="XML-x-jhm" />
        <option value="XML-x-jnlp" />
        <option value="XML-x-jrxml" />
        <option value="XML-x-rng" />
        <option value="XML-x-tld" />
        <option value="XML-x-wsdl" />
        <option value="XML-x-xsd" />
        <option value="XML-x-xsl" />
        <option value="XML-x-xslt" />
        <option value="XML-x-xul" />
        <option value="DTD" />
        <option value="YAML" />
        <option value="Sourcegraph File" />
        <option value="Fossil File" />
      </list>
    </option>
    <option name="ideLocationHash" value="F75F783F64088F368FF526925CB845FB" />
  </component>
</application>