<application>
  <component name="AppStorage">
    <option name="newTranslationDialogWidth" value="594" />
    <option name="newTranslationDialogX" value="38" />
    <option name="newTranslationDialogY" value="417" />
    <option name="pinTranslationDialog" value="true" />
    <histories>
      <item value="GUI" />
      <item value="A problem occurred evaluating root project" />
      <item value="Unresolved" />
      <item value="inferred" />
      <item value="Advertising" />
      <item value="Adversting" />
      <item value="Resumes the audio that has been paused or stopped" />
      <item value="Ideal for short audio files, since it reduces the impacts on visuals or UI performance. In this mode the backend won't fire any duration or position updates. Also, it is not possible to use the seek method to set the audio a specific position." />
      <item value="Ideal for long media files or streams" />
      <item value="Parent" />
      <item value="Adds a cubic bezier segment that curves from the current point to the given point (x3,y3), using the control points (x1,y1) and (x2,y2)." />
      <item value="bán kính" />
      <item value="bans " />
      <item value="You are already using the newest resolvable versions listed in the 'Resolvable' column.&#10;Newer versions, listed in 'Latest', may not be mutually compatible.&#10;" />
      <item value="it isn't my priority for now" />
      <item value="must not be null" />
      <item value="Availability" />
      <item value="List Devices Paired" />
      <item value="Obtaining address using reflection against internal Android code failed" />
      <item value="Trying to obtain address using reflection against internal Android code" />
      <item value="interests" />
      <item value="interest" />
      <item value="inter" />
      <item value="in" />
      <item value="cung hoàng đạo" />
      <item value="cung h" />
      <item value="cung hoangf" />
      <item value="cung hoan" />
      <item value="cung" />
      <item value="Dietary Preference" />
      <item value="phong cách sống" />
      <item value="phong cac" />
      <item value="phong a" />
      <item value="phong c" />
      <item value="phong " />
      <item value="kĩ sư" />
      <item value="k" />
      <item value="ki" />
      <item value="ku" />
      <item value="kix" />
      <item value="Birthday" />
      <item value="Select Wallet Dialog" />
      <item value="Social" />
      <item value="Soccial" />
      <item value="receivedAssets.removeAt(0); receivedNum.removeAt(0);" />
      <item value="đã nhận" />
      <item value="nhận" />
      <item value="Padding( padding: const EdgeInsets.all(8.0), child: Text( &quot;You are not stupid. You just have bad luck. Try again!&quot;, style: TextStyle( shadows: dropShadow, fontFamily: fontSecond, fontSize: 8, ), ), ), const Text( &quot;Click to continue&quot;, style: TextStyle( color: Color(0xFF9492B1), fontSize: 8, ), )," />
      <item value="累加卖出委托量" />
      <item value="Triggers a frame after duration amount of time. This makes the framework act as if the application had janked (missed frames) for duration amount of time, and then received a &quot;Vsync&quot; signal to paint the application. For a FakeAsync environment (typically in flutter test), this advances time and timeout counting; for a live environment this delays duration time. This is a convenience function that just calls TestWidgetsFlutterBinding.pump. See also LiveTestWidgetsFlutterBindingFramePolicy, which affects how this method works when the test is run with flutter run." />
    </histories>
    <option name="languageScores">
      <map>
        <entry key="CHINESE" value="2" />
        <entry key="ENGLISH" value="39" />
        <entry key="VIETNAMESE" value="37" />
      </map>
    </option>
  </component>
  <component name="Cache">
    <option name="lastTrimTime" value="1664162927917" />
  </component>
  <component name="Settings">
    <option name="targetLanguageSelection" value="PRIMARY_LANGUAGE" />
  </component>
</application>